{
    "name": "root",
    "gauges": {
        "CarDrive.Policy.Entropy.mean": {
            "value": 1.193086862564087,
            "min": 1.193086862564087,
            "max": 1.377211093902588,
            "count": 5
        },
        "CarDrive.Policy.Entropy.sum": {
            "value": 11947.572265625,
            "min": 11947.572265625,
            "max": 13915.3408203125,
            "count": 5
        },
        "CarDrive.Environment.EpisodeLength.mean": {
            "value": 45.73831775700935,
            "min": 16.843416370106763,
            "max": 45.73831775700935,
            "count": 5
        },
        "CarDrive.Environment.EpisodeLength.sum": {
            "value": 9788.0,
            "min": 9466.0,
            "max": 9788.0,
            "count": 5
        },
        "CarDrive.Step.mean": {
            "value": 49965.0,
            "min": 9997.0,
            "max": 49965.0,
            "count": 5
        },
        "CarDrive.Step.sum": {
            "value": 49965.0,
            "min": 9997.0,
            "max": 49965.0,
            "count": 5
        },
        "CarDrive.Policy.ExtrinsicValueEstimate.mean": {
            "value": 0.42910173535346985,
            "min": -0.17032936215400696,
            "max": 0.42910173535346985,
            "count": 5
        },
        "CarDrive.Policy.ExtrinsicValueEstimate.sum": {
            "value": 91.82777404785156,
            "min": -95.55477142333984,
            "max": 91.82777404785156,
            "count": 5
        },
        "CarDrive.Environment.CumulativeReward.mean": {
            "value": 1.949366435269329,
            "min": 0.24062737631287803,
            "max": 1.949366435269329,
            "count": 5
        },
        "CarDrive.Environment.CumulativeReward.sum": {
            "value": 417.1644171476364,
            "min": 134.99195811152458,
            "max": 417.1644171476364,
            "count": 5
        },
        "CarDrive.Policy.ExtrinsicReward.mean": {
            "value": 1.949366435269329,
            "min": 0.24062737631287803,
            "max": 1.949366435269329,
            "count": 5
        },
        "CarDrive.Policy.ExtrinsicReward.sum": {
            "value": 417.1644171476364,
            "min": 134.99195811152458,
            "max": 417.1644171476364,
            "count": 5
        },
        "CarDrive.Losses.PolicyLoss.mean": {
            "value": 0.24614711972888953,
            "min": 0.23853994101769774,
            "max": 0.2478315487266213,
            "count": 5
        },
        "CarDrive.Losses.PolicyLoss.sum": {
            "value": 19.199475338853382,
            "min": 17.557847395878518,
            "max": 21.49533833463042,
            "count": 5
        },
        "CarDrive.Losses.ValueLoss.mean": {
            "value": 0.34638731356786157,
            "min": 0.16552298550271666,
            "max": 0.4108215903472131,
            "count": 5
        },
        "CarDrive.Losses.ValueLoss.sum": {
            "value": 27.0182104582932,
            "min": 14.40049973873635,
            "max": 32.04408404708262,
            "count": 5
        },
        "CarDrive.Policy.LearningRate.mean": {
            "value": 0.0002731643704836744,
            "min": 0.0002731643704836744,
            "max": 0.00029700238030955174,
            "count": 5
        },
        "CarDrive.Policy.LearningRate.sum": {
            "value": 0.021306820897726602,
            "min": 0.020805929764690197,
            "max": 0.025839207086931004,
            "count": 5
        },
        "CarDrive.Policy.Epsilon.mean": {
            "value": 0.1910547871794872,
            "min": 0.1910547871794872,
            "max": 0.19900079310344831,
            "count": 5
        },
        "CarDrive.Policy.Epsilon.sum": {
            "value": 14.902273400000002,
            "min": 14.235309800000001,
            "max": 17.313069000000002,
            "count": 5
        },
        "CarDrive.Policy.Beta.mean": {
            "value": 0.0005000000000000001,
            "min": 0.0005,
            "max": 0.0005000000000000001,
            "count": 5
        },
        "CarDrive.Policy.Beta.sum": {
            "value": 0.03900000000000001,
            "min": 0.036500000000000005,
            "max": 0.04350000000000001,
            "count": 5
        },
        "CarDrive.IsTraining.mean": {
            "value": 1.0,
            "min": 1.0,
            "max": 1.0,
            "count": 5
        },
        "CarDrive.IsTraining.sum": {
            "value": 1.0,
            "min": 1.0,
            "max": 1.0,
            "count": 5
        }
    },
    "metadata": {
        "timer_format_version": "0.1.0",
        "start_time_seconds": "1646662090",
        "python_version": "3.9.5 (tags/v3.9.5:0a7dcbd, May  3 2021, 17:27:52) [MSC v.1928 64 bit (AMD64)]",
        "command_line_arguments": "Z:\\phase_function_push5\\unity_rl\\venv\\Scripts\\mlagents-learn config/car_driver.yaml --run-id=full_path_new6",
        "mlagents_version": "0.28.0",
        "mlagents_envs_version": "0.28.0",
        "communication_protocol_version": "1.5.0",
        "pytorch_version": "1.10.2+cu113",
        "numpy_version": "1.22.2",
        "end_time_seconds": "1646662317"
    },
    "total": 226.97762509999998,
    "count": 1,
    "self": 0.0043054999999867505,
    "children": {
        "run_training.setup": {
            "total": 0.15840260000000006,
            "count": 1,
            "self": 0.15840260000000006
        },
        "TrainerController.start_learning": {
            "total": 226.814917,
            "count": 1,
            "self": 0.16603590000011081,
            "children": {
                "TrainerController._reset_env": {
                    "total": 7.3643449,
                    "count": 1,
                    "self": 7.3643449
                },
                "TrainerController.advance": {
                    "total": 219.1381432999999,
                    "count": 9515,
                    "self": 0.1538185999986581,
                    "children": {
                        "env_step": {
                            "total": 119.67862519999989,
                            "count": 9515,
                            "self": 103.71595500000053,
                            "children": {
                                "SubprocessEnvManager._take_step": {
                                    "total": 15.86202259999939,
                                    "count": 9515,
                                    "self": 0.45822139999969025,
                                    "children": {
                                        "TorchPolicy.evaluate": {
                                            "total": 15.4038011999997,
                                            "count": 8404,
                                            "self": 8.432684999999273,
                                            "children": {
                                                "TorchPolicy.sample_actions": {
                                                    "total": 6.971116200000427,
                                                    "count": 8404,
                                                    "self": 6.971116200000427
                                                }
                                            }
                                        }
                                    }
                                },
                                "workers": {
                                    "total": 0.10064759999996475,
                                    "count": 9514,
                                    "self": 0.0,
                                    "children": {
                                        "worker_root": {
                                            "total": 158.66351100000023,
                                            "count": 9514,
                                            "is_parallel": true,
                                            "self": 125.54201680000006,