{
    "name": "root",
    "gauges": {
        "CarDrive.Policy.Entropy.mean": {
            "value": 1.3012440204620361,
            "min": 1.3012440204620361,
            "max": 1.3856587409973145,
            "count": 4
        },
        "CarDrive.Policy.Entropy.sum": {
            "value": 13038.46484375,
            "min": 13038.46484375,
            "max": 13992.3818359375,
            "count": 4
        },
        "CarDrive.Environment.EpisodeLength.mean": {
            "value": 40.256198347107436,
            "min": 18.724409448818896,
            "max": 40.256198347107436,
            "count": 4
        },
        "CarDrive.Environment.EpisodeLength.sum": {
            "value": 9742.0,
            "min": 9512.0,
            "max": 9761.0,
            "count": 4
        },
        "CarDrive.Step.mean": {
            "value": 39979.0,
            "min": 9980.0,
            "max": 39979.0,
            "count": 4
        },
        "CarDrive.Step.sum": {
            "value": 39979.0,
            "min": 9980.0,
            "max": 39979.0,
            "count": 4
        },
        "CarDrive.Policy.ExtrinsicValueEstimate.mean": {
            "value": 0.5256237387657166,
            "min": -0.03386736288666725,
            "max": 0.5946779847145081,
            "count": 4
        },
        "CarDrive.Policy.ExtrinsicValueEstimate.sum": {
            "value": 127.20094299316406,
            "min": -17.170753479003906,
            "max": 146.88546752929688,
            "count": 4
        },
        "CarDrive.Environment.CumulativeReward.mean": {
            "value": 1.8847341021476698,
            "min": 0.4609839865970894,
            "max": 1.9293539109017686,
            "count": 4
        },
        "CarDrive.Environment.CumulativeReward.sum": {
            "value": 456.1056527197361,
            "min": 233.7188812047243,
            "max": 476.5504159927368,
            "count": 4
        },
        "CarDrive.Policy.ExtrinsicReward.mean": {
            "value": 1.8847341021476698,
            "min": 0.4609839865970894,
            "max": 1.9293539109017686,
            "count": 4
        },
        "CarDrive.Policy.ExtrinsicReward.sum": {
            "value": 456.1056527197361,
            "min": 233.7188812047243,
            "max": 476.5504159927368,
            "count": 4
        },
        "CarDrive.Losses.PolicyLoss.mean": {
            "value": 0.24056866633797366,
            "min": 0.24056866633797366,
            "max": 0.24399660937050335,
            "count": 4
        },
        "CarDrive.Losses.PolicyLoss.sum": {
            "value": 19.00492464069992,
            "min": 18.69958116329904,
            "max": 20.251718577751777,
            "count": 4
        },
        "CarDrive.Losses.ValueLoss.mean": {
            "value": 0.29689812649578534,
            "min": 0.26971604897867296,
            "max": 0.3199203726328711,
            "count": 4
        },
        "CarDrive.Losses.ValueLoss.sum": {
            "value": 23.454951993167043,
            "min": 22.386432065229858,
            "max": 24.633868692731074,
            "count": 4
        },
        "CarDrive.Policy.LearningRate.mean": {
            "value": 0.00027900322725209106,
            "min": 0.00027900322725209106,
            "max": 0.00029703617448191804,
            "count": 4
        },
        "CarDrive.Policy.LearningRate.sum": {
            "value": 0.022041254952915194,
            "min": 0.0219431859856048,
            "max": 0.0246540024819992,
            "count": 4
        },
        "CarDrive.Policy.Epsilon.mean": {
            "value": 0.19300107341772152,
            "min": 0.19300107341772152,
            "max": 0.19901205783132533,
            "count": 4
        },
        "CarDrive.Policy.Epsilon.sum": {
            "value": 15.2470848,
            "min": 15.014395200000003,
            "max": 16.518000800000003,
            "count": 4
        },
        "CarDrive.Policy.Beta.mean": {
            "value": 0.0005000000000000001,
            "min": 0.0005000000000000001,
            "max": 0.0005000000000000001,
            "count": 4
        },
        "CarDrive.Policy.Beta.sum": {
            "value": 0.03950000000000001,
            "min": 0.038500000000000006,
            "max": 0.04150000000000001,
            "count": 4
        },
        "CarDrive.IsTraining.mean": {
            "value": 1.0,
            "min": 1.0,
            "max": 1.0,
            "count": 4
        },
        "CarDrive.IsTraining.sum": {
            "value": 1.0,
            "min": 1.0,
            "max": 1.0,
            "count": 4
        }
    },
    "metadata": {
        "timer_format_version": "0.1.0",
        "start_time_seconds": "1646661791",
        "python_version": "3.9.5 (tags/v3.9.5:0a7dcbd, May  3 2021, 17:27:52) [MSC v.1928 64 bit (AMD64)]",
        "command_line_arguments": "Z:\\phase_function_push5\\unity_rl\\venv\\Scripts\\mlagents-learn config/car_driver.yaml --run-id=full_path_new5",
        "mlagents_version": "0.28.0",
        "mlagents_envs_version": "0.28.0",
        "communication_protocol_version": "1.5.0",
        "pytorch_version": "1.10.2+cu113",
        "numpy_version": "1.22.2",
        "end_time_seconds": "1646662000"
    },
    "total": 209.51170390000001,
    "count": 1,
    "self": 0.004459900000028938,
    "children": {
        "run_training.setup": {
            "total": 0.1450783,
            "count": 1,
            "self": 0.1450783
        },
        "TrainerController.start_learning": {
            "total": 209.3621657,
            "count": 1,
            "self": 0.14242549999883636,
            "children": {
                "TrainerController._reset_env": {
                    "total": 56.240277999999996,
                    "count": 1,
                    "self": 56.240277999999996
                },
                "TrainerController.advance": {
                    "total": 152.80722920000116,
                    "count": 8063,
                    "self": 0.12928060000024288,
                    "children": {
                        "env_step": {
                            "total": 55.006013300001094,
                            "count": 8063,
                            "self": 41.670390100000176,
                            "children": {
                                "SubprocessEnvManager._take_step": {
                                    "total": 13.25151630000154,
                                    "count": 8063,
                                    "self": 0.39517420000177594,
                                    "children": {
                                        "TorchPolicy.evaluate": {
                                            "total": 12.856342099999765,
                                            "count": 7037,
                                            "self": 6.190412099999641,
                                            "children": {
                                                "TorchPolicy.sample_actions": {
                                                    "total": 6.665930000000124,
                                                    "count": 7037,
                                                    "self": 6.665930000000124
                                                }
                                            }
                                        }
                                    }
                                },
                                "workers": {
                                    "total": 0.0841068999993766,
                                    "count": 8062,
                                    "self": 0.0,
                                    "children": {
                                        "worker_root": {
                                            "total": 148.66784190000007,
                                            "count": 8062,
                                            "is_parallel": true,