{
    "name": "root",
    "gauges": {
        "CarDrive.Policy.Entropy.mean": {
            "value": 1.056079387664795,
            "min": 1.056079387664795,
            "max": 1.442317247390747,
            "count": 11
        },
        "CarDrive.Policy.Entropy.sum": {
            "value": 10638.943359375,
            "min": 10638.943359375,
            "max": 14607.7890625,
            "count": 11
        },
        "CarDrive.Step.mean": {
            "value": 109945.0,
            "min": 9982.0,
            "max": 109945.0,
            "count": 11
        },
        "CarDrive.Step.sum": {
            "value": 109945.0,
            "min": 9982.0,
            "max": 109945.0,
            "count": 11
        },
        "CarDrive.Policy.ExtrinsicValueEstimate.mean": {
            "value": 11.498149871826172,
            "min": 2.265951633453369,
            "max": 11.980725288391113,
            "count": 11
        },
        "CarDrive.Policy.ExtrinsicValueEstimate.sum": {
            "value": 1897.1947021484375,
            "min": 405.6053466796875,
            "max": 2120.58837890625,
            "count": 11
        },
        "CarDrive.Losses.PolicyLoss.mean": {
            "value": 0.2445516639258255,
            "min": 0.23949999567457164,
            "max": 0.24744687634252827,
            "count": 11
        },
        "CarDrive.Losses.PolicyLoss.sum": {
            "value": 18.58592645836274,
            "min": 17.92860833697937,
            "max": 19.300856354717205,
            "count": 11
        },
        "CarDrive.Losses.ValueLoss.mean": {
            "value": 9.76810280266277,
            "min": 0.7038593321269448,
            "max": 12.041920667139184,
            "count": 11
        },
        "CarDrive.Losses.ValueLoss.sum": {
            "value": 742.3758130023706,
            "min": 51.38173124526698,
            "max": 939.2698120368564,
            "count": 11
        },
        "CarDrive.Policy.LearningRate.mean": {
            "value": 0.00023702038941426316,
            "min": 0.00023702038941426316,
            "max": 0.000296959562657315,
            "count": 11
        },
        "CarDrive.Policy.LearningRate.sum": {
            "value": 0.018013549595484,
            "min": 0.018013549595484,
            "max": 0.022696609434463593,
            "count": 11
        },
        "CarDrive.Policy.Epsilon.mean": {
            "value": 0.1790067894736842,
            "min": 0.1790067894736842,
            "max": 0.19898652054794524,
            "count": 11
        },
        "CarDrive.Policy.Epsilon.sum": {
            "value": 13.604516,
            "min": 13.604516,
            "max": 15.365536400000002,
            "count": 11
        },
        "CarDrive.Policy.Beta.mean": {
            "value": 0.0005000000000000001,
            "min": 0.0005,
            "max": 0.0005000000000000001,
            "count": 11
        },
        "CarDrive.Policy.Beta.sum": {
            "value": 0.038000000000000006,
            "min": 0.036500000000000005,
            "max": 0.03950000000000001,
            "count": 11
        },
        "CarDrive.Environment.EpisodeLength.mean": {
            "value": 362.5925925925926,
            "min": 169.5084745762712,
            "max": 362.5925925925926,
            "count": 11
        },
        "CarDrive.Environment.EpisodeLength.sum": {
            "value": 9790.0,
            "min": 9544.0,
            "max": 10328.0,
            "count": 11
        },
        "CarDrive.Environment.CumulativeReward.mean": {
            "value": 56.6868787628633,
            "min": 7.835549988025843,
            "max": 56.6868787628633,
            "count": 11
        },
        "CarDrive.Environment.CumulativeReward.sum": {
            "value": 1530.545726597309,
            "min": 336.92864948511124,
            "max": 1564.5696557760239,
            "count": 11
        },
        "CarDrive.Policy.ExtrinsicReward.mean": {
            "value": 56.6868787628633,
            "min": 7.835549988025843,
            "max": 56.6868787628633,
            "count": 11
        },
        "CarDrive.Policy.ExtrinsicReward.sum": {
            "value": 1530.545726597309,
            "min": 336.92864948511124,
            "max": 1564.5696557760239,
            "count": 11
        },
        "CarDrive.IsTraining.mean": {
            "value": 1.0,
            "min": 1.0,
            "max": 1.0,
            "count": 11
        },
        "CarDrive.IsTraining.sum": {
            "value": 1.0,
            "min": 1.0,
            "max": 1.0,
            "count": 11
        }
    },
    "metadata": {
        "timer_format_version": "0.1.0",
        "start_time_seconds": "1646659694",
        "python_version": "3.9.5 (tags/v3.9.5:0a7dcbd, May  3 2021, 17:27:52) [MSC v.1928 64 bit (AMD64)]",
        "command_line_arguments": "Z:\\phase_function_push5\\unity_rl\\venv\\Scripts\\mlagents-learn config/car_driver.yaml --run-id=full_path_new",
        "mlagents_version": "0.28.0",
        "mlagents_envs_version": "0.28.0",
        "communication_protocol_version": "1.5.0",
        "pytorch_version": "1.10.2+cu113",
        "numpy_version": "1.22.2",
        "end_time_seconds": "1646660177"
    },
    "total": 483.1963514,
    "count": 1,
    "self": 0.004335500000081538,
    "children": {
        "run_training.setup": {
            "total": 0.13045750000000012,
            "count": 1,
            "self": 0.13045750000000012
        },
        "TrainerController.start_learning": {
            "total": 483.06155839999997,
            "count": 1,
            "self": 0.6522941000015408,
            "children": {
                "TrainerController._reset_env": {
                    "total": 20.844500800000002,
                    "count": 1,
                    "self": 20.844500800000002
                },
                "TrainerController.advance": {
                    "total": 461.4081336999984,
                    "count": 38949,
                    "self": 0.6266605999866783,
                    "children": {
                        "env_step": {
                            "total": 238.24412290000606,
                            "count": 38949,
                            "self": 173.51856590000904,
                            "children": {
                                "SubprocessEnvManager._take_step": {
                                    "total": 64.3137055999955,
                                    "count": 38949,
                                    "self": 2.0625914999933883,
                                    "children": {
                                        "TorchPolicy.evaluate": {
                                            "total": 62.25111410000211,
                                            "count": 38577,
                                            "self": 33.37328719999893,
                                            "children": {
                                                "TorchPolicy.sample_actions": {
                                                    "total": 28.87782690000319,
                                                    "count": 38577,
                                                    "self": 28.87782690000319
                                                }
                                            }
                                        }
                                    }
                                },
                                "workers": {
                                    "total": 0.4118514000015203,
                                    "count": 38948,
                                    "self": 0.0,
                                    "children": {
                                        "worker_root": {
                                            "total": 453.4955734999995,
                                            "count": 38948,
                                            "is_parallel": true,
                                            "self": 323.3607103999994,