{
    "name": "root",
    "gauges": {
        "CarDrive.Policy.Entropy.mean": {
            "value": 1.4364289045333862,
            "min": 1.426717758178711,
            "max": 1.4364289045333862,
            "count": 2
        },
        "CarDrive.Policy.Entropy.sum": {
            "value": 14405.9453125,
            "min": 14277.1640625,
            "max": 14405.9453125,
            "count": 2
        },
        "CarDrive.Step.mean": {
            "value": 19972.0,
            "min": 9943.0,
            "max": 19972.0,
            "count": 2
        },
        "CarDrive.Step.sum": {
            "value": 19972.0,
            "min": 9943.0,
            "max": 19972.0,
            "count": 2
        },
        "CarDrive.Policy.ExtrinsicValueEstimate.mean": {
            "value": 2.919832706451416,
            "min": 0.6724572777748108,
            "max": 2.919832706451416,
            "count": 2
        },
        "CarDrive.Policy.ExtrinsicValueEstimate.sum": {
            "value": 519.730224609375,
            "min": 120.3698501586914,
            "max": 519.730224609375,
            "count": 2
        },
        "CarDrive.Losses.PolicyLoss.mean": {
            "value": 0.24620036113241012,
            "min": 0.245779313417346,
            "max": 0.24620036113241012,
            "count": 2
        },
        "CarDrive.Losses.PolicyLoss.sum": {
            "value": 18.71122744606317,
            "min": 18.187669192883604,
            "max": 18.71122744606317,
            "count": 2
        },
        "CarDrive.Losses.ValueLoss.mean": {
            "value": 0.7369937987406311,
            "min": 0.11257805015787566,
            "max": 0.7369937987406311,
            "count": 2
        },
        "CarDrive.Losses.ValueLoss.sum": {
            "value": 56.01152870428796,
            "min": 8.330775711682799,
            "max": 56.01152870428796,
            "count": 2
        },
        "CarDrive.Policy.LearningRate.mean": {
            "value": 0.00029097300300899993,
            "min": 0.00029097300300899993,
            "max": 0.00029698187938441894,
            "count": 2
        },
        "CarDrive.Policy.LearningRate.sum": {
            "value": 0.022113948228683997,
            "min": 0.021976659074447003,
            "max": 0.022113948228683997,
            "count": 2
        },
        "CarDrive.Policy.Epsilon.mean": {
            "value": 0.196991,
            "min": 0.196991,
            "max": 0.19899395945945947,
            "count": 2
        },
        "CarDrive.Policy.Epsilon.sum": {
            "value": 14.971316,
            "min": 14.725553000000001,
            "max": 14.971316,
            "count": 2
        },
        "CarDrive.Policy.Beta.mean": {
            "value": 0.0005000000000000001,
            "min": 0.0005000000000000001,
            "max": 0.0005000000000000001,
            "count": 2
        },
        "CarDrive.Policy.Beta.sum": {
            "value": 0.038000000000000006,
            "min": 0.037000000000000005,
            "max": 0.038000000000000006,
            "count": 2
        },
        "CarDrive.Environment.EpisodeLength.mean": {
            "value": 232.2325581395349,
            "min": 232.2325581395349,
            "max": 245.975,
            "count": 2
        },
        "CarDrive.Environment.EpisodeLength.sum": {
            "value": 9986.0,
            "min": 9839.0,
            "max": 9986.0,
            "count": 2
        },
        "CarDrive.Environment.CumulativeReward.mean": {
            "value": 9.40046771529109,
            "min": 2.5040388759807684,
            "max": 9.40046771529109,
            "count": 2
        },
        "CarDrive.Environment.CumulativeReward.sum": {
            "value": 404.22011175751686,
            "min": 100.16155503923073,
            "max": 404.22011175751686,
            "count": 2
        },
        "CarDrive.Policy.ExtrinsicReward.mean": {
            "value": 9.40046771529109,
            "min": 2.5040388759807684,
            "max": 9.40046771529109,
            "count": 2
        },
        "CarDrive.Policy.ExtrinsicReward.sum": {
            "value": 404.22011175751686,
            "min": 100.16155503923073,
            "max": 404.22011175751686,
            "count": 2
        },
        "CarDrive.IsTraining.mean": {
            "value": 1.0,
            "min": 1.0,
            "max": 1.0,
            "count": 2
        },
        "CarDrive.IsTraining.sum": {
            "value": 1.0,
            "min": 1.0,
            "max": 1.0,
            "count": 2
        }
    },
    "metadata": {
        "timer_format_version": "0.1.0",
        "start_time_seconds": "1646650677",
        "python_version": "3.9.5 (tags/v3.9.5:0a7dcbd, May  3 2021, 17:27:52) [MSC v.1928 64 bit (AMD64)]",
        "command_line_arguments": "Z:\\phase_function_push5\\unity_rl\\venv\\Scripts\\mlagents-learn config/car_driver.yaml --run-id=new_test_car2",
        "mlagents_version": "0.28.0",
        "mlagents_envs_version": "0.28.0",
        "communication_protocol_version": "1.5.0",
        "pytorch_version": "1.10.2+cu113",
        "numpy_version": "1.22.2",
        "end_time_seconds": "1646650932"
    },
    "total": 254.34579340000002,
    "count": 1,
    "self": 0.005833899999998948,
    "children": {
        "run_training.setup": {
            "total": 0.1320224000000001,
            "count": 1,
            "self": 0.1320224000000001
        },
        "TrainerController.start_learning": {
            "total": 254.2079371,
            "count": 1,
            "self": 0.4385928999986106,
            "children": {
                "TrainerController._reset_env": {
                    "total": 15.0208789,
                    "count": 1,
                    "self": 15.0208789
                },
                "TrainerController.advance": {
                    "total": 238.6259207000014,
                    "count": 27388,
                    "self": 0.4151096999991637,
                    "children": {
                        "env_step": {
                            "total": 185.43301050000096,
                            "count": 27388,
                            "self": 130.42758159999633,
                            "children": {
                                "SubprocessEnvManager._take_step": {
                                    "total": 54.71842450000257,
                                    "count": 27388,
                                    "self": 1.3832698000036885,
                                    "children": {
                                        "TorchPolicy.evaluate": {
                                            "total": 53.33515469999888,
                                            "count": 27314,
                                            "self": 32.81671489999816,
                                            "children": {
                                                "TorchPolicy.sample_actions": {
                                                    "total": 20.51843980000072,
                                                    "count": 27314,
                                                    "self": 20.51843980000072
                                                }
                                            }
                                        }
                                    }
                                },
                                "workers": {
                                    "total": 0.28700440000205774,
                                    "count": 27387,
                                    "self": 0.0,
                                    "children": {
                                        "worker_root": {
                                            "total": 234.54226830000056,
                                            "count": 27387,
                                            "is_parallel": true,
                                            "self": 131.59125010000201,