{
    "name": "root",
    "gauges": {
        "CarDrive.Policy.Entropy.mean": {
            "value": 1.0821824073791504,
            "min": 1.0821824073791504,
            "max": 1.4521530866622925,
            "count": 15
        },
        "CarDrive.Policy.Entropy.sum": {
            "value": 10700.6201171875,
            "min": 10700.6201171875,
            "max": 14663.841796875,
            "count": 15
        },
        "CarDrive.Step.mean": {
            "value": 149986.0,
            "min": 9942.0,
            "max": 149986.0,
            "count": 15
        },
        "CarDrive.Step.sum": {
            "value": 149986.0,
            "min": 9942.0,
            "max": 149986.0,
            "count": 15
        },
        "CarDrive.Policy.ExtrinsicValueEstimate.mean": {
            "value": 2.38982892036438,
            "min": 1.6020537614822388,
            "max": 4.907246112823486,
            "count": 15
        },
        "CarDrive.Policy.ExtrinsicValueEstimate.sum": {
            "value": 437.33868408203125,
            "min": 295.9997253417969,
            "max": 922.562255859375,
            "count": 15
        },
        "CarDrive.Losses.PolicyLoss.mean": {
            "value": 0.2399612072557026,
            "min": 0.2399612072557026,
            "max": 0.24763753769104085,
            "count": 15
        },
        "CarDrive.Losses.PolicyLoss.sum": {
            "value": 17.997090544177695,
            "min": 15.757509687241763,
            "max": 19.563365477592228,
            "count": 15
        },
        "CarDrive.Losses.ValueLoss.mean": {
            "value": 0.8192744238628594,
            "min": 0.3135647348631943,
            "max": 2.7303194451137918,
            "count": 15
        },
        "CarDrive.Losses.ValueLoss.sum": {
            "value": 61.44558178971445,
            "min": 20.38170776610763,
            "max": 210.87853298029123,
            "count": 15
        },
        "CarDrive.Policy.LearningRate.mean": {
            "value": 0.00021298352500550134,
            "min": 0.00021298352500550134,
            "max": 0.0002966223611258799,
            "count": 15
        },
        "CarDrive.Policy.LearningRate.sum": {
            "value": 0.0159737643754126,
            "min": 0.0159737643754126,
            "max": 0.0224070206309932,
            "count": 15
        },
        "CarDrive.Policy.Epsilon.mean": {
            "value": 0.17099449866666666,
            "min": 0.17099449866666666,
            "max": 0.19887412000000002,
            "count": 15
        },
        "CarDrive.Policy.Epsilon.sum": {
            "value": 12.8245874,
            "min": 12.8245874,
            "max": 15.169006800000002,
            "count": 15
        },
        "CarDrive.Policy.Beta.mean": {
            "value": 0.0005000000000000001,
            "min": 0.0005,
            "max": 0.0005000000000000001,
            "count": 15
        },
        "CarDrive.Policy.Beta.sum": {
            "value": 0.037500000000000006,
            "min": 0.0325,
            "max": 0.03950000000000001,
            "count": 15
        },
        "CarDrive.Environment.EpisodeLength.mean": {
            "value": 203.48888888888888,
            "min": 83.68376068376068,
            "max": 292.5151515151515,
            "count": 15
        },
        "CarDrive.Environment.EpisodeLength.sum": {
            "value": 9157.0,
            "min": 9157.0,
            "max": 11131.0,
            "count": 15
        },
        "CarDrive.Environment.CumulativeReward.mean": {
            "value": 10.535692909359932,
            "min": 4.9077193892520405,
            "max": 16.64225581532619,
            "count": 15
        },
        "CarDrive.Environment.CumulativeReward.sum": {
            "value": 474.10618092119694,
            "min": 232.07306169718504,
            "max": 1015.1776047348976,
            "count": 15
        },
        "CarDrive.Policy.ExtrinsicReward.mean": {
            "value": 10.535692909359932,
            "min": 4.9077193892520405,
            "max": 16.64225581532619,
            "count": 15
        },
        "CarDrive.Policy.ExtrinsicReward.sum": {
            "value": 474.10618092119694,
            "min": 232.07306169718504,
            "max": 1015.1776047348976,
            "count": 15
        },
        "CarDrive.IsTraining.mean": {
            "value": 1.0,
            "min": 1.0,
            "max": 1.0,
            "count": 15
        },
        "CarDrive.IsTraining.sum": {
            "value": 1.0,
            "min": 1.0,
            "max": 1.0,
            "count": 15
        }
    },
    "metadata": {
        "timer_format_version": "0.1.0",
        "start_time_seconds": "1646660713",
        "python_version": "3.9.5 (tags/v3.9.5:0a7dcbd, May  3 2021, 17:27:52) [MSC v.1928 64 bit (AMD64)]",
        "command_line_arguments": "Z:\\phase_function_push5\\unity_rl\\venv\\Scripts\\mlagents-learn config/car_driver.yaml --run-id=full_path_new3",
        "mlagents_version": "0.28.0",
        "mlagents_envs_version": "0.28.0",
        "communication_protocol_version": "1.5.0",
        "pytorch_version": "1.10.2+cu113",
        "numpy_version": "1.22.2",
        "end_time_seconds": "1646661184"
    },
    "total": 471.4772749,
    "count": 1,
    "self": 0.0040709999999535285,
    "children": {
        "run_training.setup": {
            "total": 0.13680709999999996,
            "count": 1,
            "self": 0.13680709999999996
        },
        "TrainerController.start_learning": {
            "total": 471.33639680000005,
            "count": 1,
            "self": 0.46411190000185343,
            "children": {
                "TrainerController._reset_env": {
                    "total": 11.352461700000001,
                    "count": 1,
                    "self": 11.352461700000001
                },
                "TrainerController.advance": {
                    "total": 459.3734453999982,
                    "count": 26355,
                    "self": 0.40982310000265443,
                    "children": {
                        "env_step": {
                            "total": 165.7117072999968,
                            "count": 26355,
                            "self": 123.00858569999443,
                            "children": {
                                "SubprocessEnvManager._take_step": {
                                    "total": 42.421770500000534,
                                    "count": 26355,
                                    "self": 1.3641362000001536,
                                    "children": {
                                        "TorchPolicy.evaluate": {
                                            "total": 41.05763430000038,
                                            "count": 25451,
                                            "self": 21.857010900001946,
                                            "children": {
                                                "TorchPolicy.sample_actions": {
                                                    "total": 19.200623399998435,
                                                    "count": 25451,
                                                    "self": 19.200623399998435
                                                }
                                            }
                                        }
                                    }
                                },
                                "workers": {
                                    "total": 0.2813511000018334,
                                    "count": 26354,
                                    "self": 0.0,
                                    "children": {
                                        "worker_root": {
                                            "total": 457.05556359999565,
                                            "count": 26354,
                                            "is_parallel": true,