{
    "name": "root",
    "metadata": {
        "timer_format_version": "0.1.0",
        "start_time_seconds": "1646660567",
        "python_version": "3.9.5 (tags/v3.9.5:0a7dcbd, May  3 2021, 17:27:52) [MSC v.1928 64 bit (AMD64)]",
        "command_line_arguments": "Z:\\phase_function_push5\\unity_rl\\venv\\Scripts\\mlagents-learn config/car_driver.yaml --run-id=full_path_new2",
        "mlagents_version": "0.28.0",
        "mlagents_envs_version": "0.28.0",
        "communication_protocol_version": "1.5.0",
        "pytorch_version": "1.10.2+cu113",
        "numpy_version": "1.22.2",
        "end_time_seconds": "1646660633"
    },
    "total": 66.885981,
    "count": 1,
    "self": 0.004528399999998101,
    "children": {
        "run_training.setup": {
            "total": 0.13130149999999996,
            "count": 1,
            "self": 0.13130149999999996
        },
        "TrainerController.start_learning": {
            "total": 66.7501511,
            "count": 1,
            "self": 0.01624780000008741,
            "children": {
                "TrainerController._reset_env": {
                    "total": 45.1989846,
                    "count": 1,
                    "self": 45.1989846
                },
                "TrainerController.advance": {
                    "total": 21.403550699999904,
                    "count": 928,
                    "self": 0.015396000000066579,
                    "children": {
                        "env_step": {
                            "total": 10.614856200000084,
                            "count": 928,
                            "self": 8.302578599999805,
                            "children": {
                                "SubprocessEnvManager._take_step": {
                                    "total": 2.3023397000001182,
                                    "count": 928,
                                    "self": 0.052467600000127845,
                                    "children": {
                                        "TorchPolicy.evaluate": {
                                            "total": 2.2498720999999904,
                                            "count": 921,
                                            "self": 0.8321012000000962,
                                            "children": {
                                                "TorchPolicy.sample_actions": {
                                                    "total": 1.4177708999998941,
                                                    "count": 921,
                                                    "self": 1.4177708999998941
                                                }
                                            }
                                        }
                                    }
                                },
                                "workers": {
                                    "total": 0.009937900000160482,
                                    "count": 927,
                                    "self": 0.0,
                                    "children": {
                                        "worker_root": {
                                            "total": 19.810165499999968,
                                            "count": 927,
                                            "is_parallel": true,
                                            "self": 15.4569823,
                                            "children": {
                                                "steps_from_proto": {
                                                    "total": 0.00029860000000070386,
                                                    "count": 1,
                                                    "is_parallel": true,
                                                    "self": 0.00011709999999709453,
                                                    "children": {
                                                        "_process_rank_one_or_two_observation": {
                                                            "total": 0.00018150000000360933,
                                                            "count": 2,
                                                            "is_parallel": true,
                                                            "self": 0.00018150000000360933
                                                        }
                                                    }
                                                },
                                                "UnityEnvironment.step": {
                                                    "total": 4.3528845999999675,
                                                    "count": 927,
                                                    "is_parallel": true,
                                                    "self": 0.07568990000002884,
                                                    "children": {
                                                        "UnityEnvironment._generate_step_input": {
                                                            "total": 0.10547119999998245,
                                                            "count": 927,
                                                            "is_parallel": true,
                                                            "self": 0.10547119999998245
                                                        },
                                                        "communicator.exchange": {
                                                            "total": 3.9797942999999094,
                                                            "count": 927,
                                                            "is_parallel": true,
                                                            "self": 3.9797942999999094
                                                        },
                                                        "steps_from_proto": {
                                                            "total": 0.19192920000004676,
                                                            "count": 927,
                                                            "is_parallel": true,
                                                            "self": 0.09437620000010583,
                                                            "children": {
                                                                "_process_rank_one_or_two_observation": {
                                                                    "total": 0.09755299999994094,
                                                                    "count": 1854,
                                                                    "is_parallel": true,
                                                                    "self": 0.09755299999994094
                                                                }
                                                            }
                                                        }
                                                    }
                                                }
                                            }
                                        }
                                    }
                                }
                            }
                        },
                        "trainer_advance": {
                            "total": 10.773298499999754,
                            "count": 927,
                            "self": 0.022294499999688355,
                            "children": {
                                "process_trajectory": {
                                    "total": 0.37896620000007886,
                                    "count": 927,
                                    "self": 0.37896620000007886
                                },